product_id,Название товара,Категория,Цена_грн,Маржа,Остаток
1,Vitek Набор ножей 5707C,дом,19274.53,9484.43,142
2,Samsung Камера 4504C,электроника,2930.78,1457.07,30
3,Xiaomi Зеркало 7319C,дом,5954.12,2621.77,101
4,New Balance Рубашка 1810B,одежда,27232.34,10604.96,108
5,LG Смартфон 9464C,электроника,44610.08,20937.97,102
6,Columbia Пальто 2935D,одежда,9341.91,2986.79,163
7,Asus Смартфон 5004A,электроника,38072.51,15089.45,138
8,Reebok Джинсы 6479A,одежда,38389.79,10725.81,126
9,New Balance Футболка 769B,одежда,18039.97,4284.15,42
10,Sony Игровая приставка 2187A,электроника,3316.65,926.64,122
11,IKEA Полотенце 1016C,дом,48018.33,9280.96,51
12,Bosch Лампа 3017E,дом,31817.4,14171.11,49
13,Reebok Кроссовки 4548C,одежда,38008.12,7627.73,144
14,IKEA Штора 8030D,дом,26697.64,5913.0,31
15,Adidas Кепка 8422C,одежда,43126.19,15317.07,4
16,Adidas Пальто 8342E,одежда,34417.56,16869.33,142
17,HP Смартфон 3601E,электроника,8564.57,4256.93,98
18,Luminarc Набор ножей 4115E,дом,30971.6,5361.45,9
19,Zara Пальто 2848A,одежда,33622.79,11523.12,55
20,Lenovo Монитор 6341A,электроника,45484.22,18305.44,96
21,Bosch Штора 4989A,дом,28613.45,13546.26,121
22,Philips Подушка 2285D,дом,17998.91,2755.68,166
23,Levi's Шорты 4333C,одежда,35235.68,15791.7,167
24,Sony Смартфон 8528A,электроника,29283.64,5733.6,79
25,Bosch Подушка 2829B,дом,47724.28,14363.4,26
26,Huawei Игровая приставка 5466C,электроника,43648.58,15886.41,84
27,Luminarc Тарелка 3025B,дом,10843.78,1876.3,142
28,Samsung Монитор 4427E,электроника,48544.83,21252.35,170
29,Xiaomi Умная колонка 7965E,электроника,11129.96,3773.5,158
30,Sony Монитор 8597C,электроника,38538.87,4114.8,184
31,Vitek Зеркало 6091B,дом,22310.7,2484.11,114
32,Xiaomi Планшет 8268B,электроника,12832.36,6273.7,110
33,Luminarc Зеркало 1078B,дом,48494.15,19422.96,163
34,Huawei Телевизор 4066D,электроника,8916.44,2425.27,91
35,Puma Футболка 1708A,одежда,8191.59,3187.96,30
36,Philips Зеркало 8369E,дом,37337.52,16864.47,9
37,Canon Телевизор 7298E,электроника,39982.4,9829.34,65
38,Levi's Пальто 7541E,одежда,19303.98,8076.66,46
39,Apple Камера 2484B,электроника,15118.49,3054.31,182
40,Philips Штора 9222B,дом,34379.92,9187.1,27
41,Xiaomi Смартфон 877E,электроника,48722.78,5735.66,180
42,Puma Толстовка 965E,одежда,7778.38,2866.67,161
43,HP Смартфон 616C,электроника,41387.94,17764.37,175
44,Adidas Кроссовки 6572C,одежда,13486.23,4685.34,13
45,Sony Наушники 6407D,электроника,7552.98,1301.85,72
46,Apple Ноутбук 1100A,электроника,22658.2,8129.08,52
47,HP Ноутбук 912D,электроника,25302.1,5253.82,181
48,HP Камера 8473C,электроника,43898.56,9535.35,6
49,New Balance Платье 2346B,одежда,23616.96,4992.64,121
50,Luminarc Кружка 5976E,дом,32403.42,4191.41,26
51,H&M Шорты 4311B,одежда,31949.3,7208.17,107
52,Xiaomi Кружка 2344C,дом,48280.14,17216.92,19
53,Reebok Футболка 8701B,одежда,6219.44,2281.28,92
54,IKEA Кружка 662C,дом,21902.77,8318.63,182
55,Canon Монитор 3369B,электроника,29249.98,7702.76,56
56,Vitek Тарелка 8602C,дом,45009.35,5707.09,94
57,Vitek Тарелка 851A,дом,16904.88,6010.27,175
58,Lenovo Ноутбук 2668C,электроника,23387.84,7108.1,92
59,Tefal Кружка 7934B,дом,25190.72,8116.62,98
60,Luminarc Полотенце 7971E,дом,5685.57,2648.06,39
61,Puma Куртка 4901A,одежда,18798.62,7650.39,110
62,Samsung Телевизор 8624A,электроника,821.36,163.97,161
63,Samsung Наушники 7700D,электроника,27872.82,13207.05,26
64,Levi's Кепка 2928B,одежда,42205.7,6970.14,110
65,Xiaomi Наушники 1760C,электроника,4518.07,2106.27,116
66,H&M Рубашка 9135A,одежда,28795.23,9421.43,85
67,Huawei Фитнес-браслет 5749D,электроника,29423.65,13494.85,100
68,Xiaomi Ноутбук 9137B,электроника,11926.35,2471.24,88
69,Columbia Рубашка 2597C,одежда,5361.96,1111.78,164
70,Sony Монитор 697B,электроника,44937.15,5266.18,174
71,Bosch Тарелка 9056E,дом,20968.25,3574.19,153
72,LG Ноутбук 3667D,электроника,9941.97,4142.17,68
73,Xiaomi Набор ножей 7679B,дом,18041.84,8041.86,157
74,Xiaomi Кружка 1059C,дом,43519.41,19175.45,156
75,Apple Смартфон 9869A,электроника,42554.68,13412.07,90
76,Zara Кроссовки 619B,одежда,10993.41,3888.26,180
77,H&M Платье 979A,одежда,24261.67,4224.69,192
78,Puma Кепка 5610C,одежда,12088.66,4719.88,177
79,Luminarc Зеркало 5338B,дом,26610.72,7007.25,110
80,Luminarc Зеркало 779D,дом,38838.11,15406.27,0
81,H&M Куртка 1172D,одежда,46424.63,9121.8,54
82,New Balance Пальто 9658D,одежда,44584.27,10790.45,39
83,Bosch Лампа 4060C,дом,49722.91,14292.27,6
84,Mango Шорты 7091E,одежда,38433.48,5583.33,24
85,Xiaomi Чайник 8990E,дом,46508.21,15645.54,160
86,Levi's Рубашка 9139A,одежда,29449.85,14430.22,31
87,Samsung Ноутбук 2958C,электроника,45785.23,17705.44,93
88,IKEA Чайник 7254D,дом,1895.38,514.17,153
89,Philips Сковорода 967E,дом,6097.76,1348.05,136
90,Vitek Набор ножей 6653C,дом,46457.51,20922.23,109
91,Mango Шорты 8181E,одежда,44471.8,19995.05,104
92,IKEA Кружка 5499C,дом,8248.43,1097.91,172
93,Lenovo Монитор 2292D,электроника,3517.07,1753.91,101
94,Nike Кроссовки 8164A,одежда,21221.42,9594.43,40
95,H&M Платье 6178C,одежда,27596.3,10972.58,75
96,IKEA Лампа 8294E,дом,36041.22,5477.97,157
97,Sony Смартфон 4204C,электроника,4404.86,1093.59,161
98,Philips Тарелка 3425A,дом,7882.84,2049.29,30
99,Lenovo Планшет 4243E,электроника,38019.28,6181.64,70
100,Asus Наушники 4380E,электроника,5026.96,1314.0,48
101,Apple Монитор 9836C,электроника,38080.43,12129.67,83
102,Vitek Полотенце 2229B,дом,4730.79,631.95,178
103,Lenovo Монитор 7959B,электроника,37203.51,6699.0,83
104,Apple Монитор 170E,электроника,26071.13,8932.93,94
105,Levi's Платье 300B,одежда,40960.93,14438.47,179
106,Luminarc Лампа 6510C,дом,32162.33,4776.13,45
107,Philips Подушка 438C,дом,16416.29,3851.54,86
108,Vitek Тарелка 3864D,дом,27502.62,8013.32,149
109,H&M Футболка 1441B,одежда,2898.71,1343.73,185
110,Nike Пальто 3052B,одежда,9644.14,4035.13,41
111,Xiaomi Лампа 9131E,дом,18870.37,9161.02,184
112,Adidas Кепка 9925A,одежда,18220.69,5428.02,5
113,HP Фитнес-браслет 62B,электроника,13564.38,6758.36,172
114,Luminarc Полотенце 331B,дом,18828.81,4820.93,45
115,Huawei Ноутбук 8037A,электроника,18141.89,9054.4,176
116,Xiaomi Штора 2782D,дом,26277.38,10624.74,124
117,Canon Телевизор 2183E,электроника,17567.5,4440.4,105
118,Asus Планшет 9365A,электроника,31173.21,11708.79,38
119,LG Фитнес-браслет 6488C,электроника,49046.18,21814.21,50
120,Luminarc Подушка 2520E,дом,37841.18,10162.8,10
121,Columbia Куртка 9384E,одежда,28636.78,13023.42,56
122,Adidas Футболка 726D,одежда,28793.11,14111.1,12
123,Samsung Фитнес-браслет 881B,электроника,38810.86,15889.87,197
124,Luminarc Зеркало 4874D,дом,6801.68,2965.83,103
125,Asus Ноутбук 5855D,электроника,11931.87,2898.0,128
126,Asus Игровая приставка 9047C,электроника,27052.56,9499.12,59
127,Canon Фитнес-браслет 3753B,электроника,24122.28,4819.31,163
128,Vitek Тарелка 5036A,дом,36675.84,4319.75,9
129,IKEA Зеркало 7746C,дом,48109.86,9685.09,200
130,Tefal Тарелка 8967C,дом,28693.42,12566.5,100
131,Reebok Пальто 2197A,одежда,38359.17,10700.41,145
132,Nike Куртка 1446E,одежда,34190.37,11577.87,50
133,Adidas Кроссовки 1842D,одежда,42138.07,12417.31,122
134,Bosch Штора 4664C,дом,11712.76,4566.13,110
135,Philips Полотенце 2376A,дом,26901.38,13371.97,81
136,Vitek Сковорода 6166E,дом,37599.2,8456.31,8
137,Tefal Набор ножей 3861D,дом,37944.02,13867.08,70
138,H&M Куртка 912D,одежда,22417.97,3569.91,146
139,Zara Пальто 2328E,одежда,38735.06,16795.77,2
140,Lenovo Телевизор 6385C,электроника,44950.83,19908.68,107
141,Adidas Рубашка 4903E,одежда,4128.89,1866.24,180
142,Xiaomi Чайник 8872D,дом,728.5,149.17,1
143,Vitek Штора 6551C,дом,27441.6,3334.86,133
144,Luminarc Сковорода 3749E,дом,11482.48,1274.31,122
145,Lenovo Камера 3434B,электроника,20122.98,9968.54,133
146,Adidas Кроссовки 48E,одежда,44051.66,19017.03,23
147,Bosch Штора 2459C,дом,16945.7,4580.95,5
148,Columbia Кепка 2186E,одежда,43357.77,10316.89,166
149,Zara Рубашка 648D,одежда,36420.21,9109.84,5
150,Adidas Кепка 4924E,одежда,28433.87,6411.14,8
151,Philips Зеркало 4941B,дом,42299.63,4345.89,188
152,Bosch Кружка 817D,дом,7420.61,1294.84,74
153,Reebok Платье 4689B,одежда,5217.41,707.17,106
154,Asus Телевизор 7196D,электроника,7026.77,1471.95,55
155,Huawei Ноутбук 8519B,электроника,9430.34,3173.29,74
156,Asus Игровая приставка 6694C,электроника,35983.45,15618.39,135
157,Huawei Телевизор 719E,электроника,31517.61,11240.12,166
158,Bosch Полотенце 898D,дом,24099.44,6182.79,130
159,New Balance Футболка 5346E,одежда,28801.13,11336.51,197
160,Adidas Кроссовки 6983E,одежда,27652.87,6468.76,20
161,Adidas Рубашка 1004A,одежда,18444.41,3768.19,37
162,Samsung Телевизор 1297D,электроника,47737.67,9547.87,33
163,Reebok Платье 1223C,одежда,35345.86,10585.52,89
164,Luminarc Штора 9974A,дом,13736.26,2035.48,92
165,Xiaomi Наушники 2800A,электроника,40738.94,11132.9,0
166,HP Планшет 7520E,электроника,6344.78,2349.39,69
167,LG Фитнес-браслет 5183C,электроника,25086.82,9787.99,45
168,Sony Смартфон 6390C,электроника,3051.76,1021.69,194
169,Apple Монитор 5497C,электроника,15750.2,5425.0,58
170,Columbia Платье 6669D,одежда,23401.1,3570.03,165
171,Vitek Сковорода 7339A,дом,2224.02,872.63,51
172,Tefal Полотенце 9509D,дом,49714.23,16830.76,66
173,Philips Полотенце 3988D,дом,11463.61,5588.64,127
174,Apple Ноутбук 3546E,электроника,14429.92,2842.23,94
175,Puma Рубашка 8701E,одежда,18612.68,7773.82,88
176,IKEA Тарелка 254A,дом,6134.89,841.09,139
177,Bosch Набор ножей 6124D,дом,28159.37,11801.97,175
178,Canon Планшет 1487E,электроника,31824.7,14502.15,83
179,Huawei Камера 4470B,электроника,33254.97,15944.44,53
180,Apple Наушники 6064E,электроника,36210.01,8663.82,42
181,Bosch Тарелка 9209A,дом,10618.14,1134.91,107
182,Xiaomi Игровая приставка 4223C,электроника,42269.58,5275.35,175
183,Apple Планшет 4883D,электроника,25658.49,6137.33,128
184,LG Монитор 7141C,электроника,14174.35,5745.19,70
185,Lenovo Умная колонка 5961A,электроника,42178.55,8622.75,47
186,Huawei Смартфон 5704E,электроника,12437.68,2715.96,145
187,Canon Игровая приставка 7737D,электроника,48325.68,16166.0,129
188,Luminarc Полотенце 3665E,дом,16492.95,2513.43,131
189,H&M Футболка 7199C,одежда,4642.04,1114.22,24
190,LG Ноутбук 817D,электроника,3754.85,837.8,186
191,HP Камера 171C,электроника,31032.21,11294.46,147
192,Lenovo Телевизор 5208B,электроника,40533.37,9531.83,181
193,Puma Платье 4131E,одежда,5297.5,2510.67,174
194,Xiaomi Кружка 126D,дом,37480.29,7427.39,74
195,Canon Фитнес-браслет 3986B,электроника,46523.56,6273.76,99
196,HP Фитнес-браслет 3710A,электроника,37003.67,6959.05,194
197,Bosch Чайник 1535C,дом,25026.82,5877.06,64
198,Adidas Футболка 9574C,одежда,30335.52,4163.44,135
199,Philips Зеркало 881A,дом,36366.67,7112.46,142
200,Sony Телевизор 6050A,электроника,3295.73,1446.14,167
201,Reebok Джинсы 3474D,одежда,25879.02,4381.44,42
202,Sony Игровая приставка 8183D,электроника,40349.15,11256.15,129
203,Canon Монитор 8419D,электроника,37529.92,10449.3,29
204,Mango Шорты 7821E,одежда,36791.85,7823.88,102
205,H&M Кроссовки 4057D,одежда,24380.16,4831.14,198
206,Samsung Фитнес-браслет 9761B,электроника,46599.35,18387.68,32
207,Canon Ноутбук 5685B,электроника,11374.47,3049.52,130
208,Vitek Кружка 2324B,дом,5071.47,1657.9,85
209,Samsung Наушники 4881C,электроника,22467.81,5959.08,31
210,Zara Шорты 1959A,одежда,34958.54,10259.87,22
211,HP Наушники 7472B,электроника,18036.82,7167.77,8
212,Xiaomi Набор ножей 7855A,дом,1291.41,198.86,34
213,Columbia Кроссовки 241E,одежда,42467.03,17592.7,159
214,Zara Толстовка 5883A,одежда,49672.86,15192.92,23
215,IKEA Штора 1070C,дом,18803.16,3881.16,182
216,Luminarc Тарелка 2473E,дом,45678.75,13262.26,40
217,Adidas Кепка 2669E,одежда,25144.63,11994.67,121
218,LG Планшет 5982D,электроника,48714.73,22038.97,126
219,Lenovo Планшет 909D,электроника,5358.19,1339.23,121
220,Philips Лампа 5612C,дом,46981.3,5280.3,197
221,Canon Смартфон 5208A,электроника,21372.81,4404.78,103
222,Lenovo Смартфон 2187A,электроника,41688.11,11364.12,13
223,New Balance Куртка 960A,одежда,14651.36,4815.2,156
224,Mango Платье 8615A,одежда,25315.84,8773.61,15
225,Xiaomi Ноутбук 9662A,электроника,1834.61,800.82,122
226,Sony Телевизор 9965E,электроника,7342.68,3365.71,200
227,Xiaomi Телевизор 5978A,электроника,14983.67,4703.03,54
228,Reebok Куртка 2909D,одежда,5609.48,1386.67,52
229,IKEA Сковорода 2855C,дом,9106.48,1795.33,119
230,Samsung Телевизор 4853D,электроника,11537.12,2756.93,29
231,Philips Чайник 1543C,дом,7652.27,3214.93,68
232,Asus Телевизор 6503E,электроника,26302.9,3071.64,6
233,Tefal Чайник 3120A,дом,10435.92,2662.85,96
234,Nike Футболка 5838A,одежда,45327.87,9843.6,74
235,Sony Фитнес-браслет 1009D,электроника,9652.03,1863.72,51
236,Sony Камера 5937E,электроника,23251.34,9094.11,185
237,Xiaomi Игровая приставка 7375E,электроника,44065.81,18118.12,24
238,Apple Фитнес-браслет 3097C,электроника,1798.25,728.37,106
239,Bosch Тарелка 1332C,дом,4434.84,1860.92,23
240,Luminarc Кружка 2771B,дом,311.43,149.27,3
241,Puma Футболка 8202E,одежда,6303.36,2864.05,98
242,H&M Кроссовки 396E,одежда,21655.74,8064.4,193
243,LG Фитнес-браслет 7709B,электроника,49736.15,10161.19,98
244,HP Умная колонка 620D,электроника,6912.67,2205.29,177
245,Mango Джинсы 271B,одежда,5429.15,2033.71,42
246,Samsung Планшет 4460E,электроника,41264.81,8277.62,111
247,Xiaomi Лампа 533E,дом,5032.01,1285.79,199
248,HP Смартфон 4045C,электроника,31975.79,4214.73,24
249,Adidas Платье 4199C,одежда,7885.7,1979.97,27
250,Asus Планшет 3603E,электроника,31013.07,5063.32,108
251,Mango Кроссовки 6430E,одежда,39085.62,13201.01,195
252,Sony Фитнес-браслет 4814D,электроника,11867.65,5595.42,59
253,Vitek Тарелка 773E,дом,40203.92,18919.02,118
254,Samsung Наушники 549D,электроника,18193.62,7155.17,144
255,IKEA Лампа 5976C,дом,31352.03,10599.1,154
256,Levi's Джинсы 4979E,одежда,35586.56,7872.83,132
257,Levi's Толстовка 3747E,одежда,41184.14,4159.95,91
258,Xiaomi Наушники 8139A,электроника,5853.63,1075.95,48
259,Columbia Толстовка 8525D,одежда,14837.45,4287.56,22
260,Huawei Игровая приставка 1177B,электроника,32963.29,12845.56,88
261,Mango Кроссовки 6456C,одежда,31863.57,3194.08,31
262,Philips Сковорода 6470B,дом,9854.21,3681.32,23
263,Philips Штора 7659E,дом,26855.57,8379.13,144
264,Samsung Наушники 6587D,электроника,43202.76,9252.69,148
265,New Balance Кроссовки 162D,одежда,28869.76,10110.87,87
266,HP Умная колонка 2773E,электроника,41240.91,19593.28,26
267,Adidas Кроссовки 3152B,одежда,12026.22,3858.91,15
268,H&M Рубашка 483E,одежда,507.31,136.63,182
269,Vitek Лампа 1723D,дом,13997.18,3998.16,130
270,Vitek Зеркало 9588D,дом,30814.32,7639.18,161
271,IKEA Зеркало 5732B,дом,5972.02,1629.17,127
272,Xiaomi Кружка 4197D,дом,21884.2,8018.25,50
273,New Balance Рубашка 1889C,одежда,19293.28,9443.38,162
274,Canon Телевизор 5049D,электроника,45010.78,8193.73,42
275,New Balance Кепка 9898B,одежда,29657.34,3955.98,58
276,Mango Толстовка 6069E,одежда,41866.08,4574.18,77
277,Mango Пальто 5693D,одежда,22218.1,7800.0,130
278,Tefal Зеркало 8789E,дом,49812.99,18312.0,150
279,Apple Телевизор 8455B,электроника,41650.78,14045.21,9
280,HP Ноутбук 3514C,электроника,8490.82,4121.13,161
281,Puma Рубашка 7935D,одежда,11186.58,1538.41,57
282,Levi's Куртка 352C,одежда,5157.48,909.95,35
283,HP Фитнес-браслет 4970E,электроника,5383.13,1043.24,154
284,Canon Фитнес-браслет 9112E,электроника,32543.05,6824.15,74
285,IKEA Чайник 3128C,дом,30599.46,10836.72,134
286,Asus Телевизор 8397D,электроника,18539.29,4454.39,81
287,Asus Фитнес-браслет 103A,электроника,15745.8,3867.75,153
288,Sony Ноутбук 5129B,электроника,2386.82,707.27,171
289,H&M Куртка 4608B,одежда,28857.32,12481.74,133
290,Tefal Набор ножей 1534C,дом,12743.51,4862.05,53
291,HP Монитор 4941E,электроника,14325.25,5762.96,118
292,Xiaomi Подушка 5234B,дом,16697.61,6538.5,118
293,Canon Телевизор 9904E,электроника,12880.04,4898.92,95
294,Bosch Набор ножей 2270E,дом,15129.93,5898.33,139
295,Samsung Наушники 8325D,электроника,25439.48,4524.42,109
296,Columbia Кроссовки 3934B,одежда,39717.37,13729.03,183
297,Bosch Сковорода 8614E,дом,3397.01,1567.5,145
298,Nike Пальто 4654B,одежда,48991.65,16567.96,111
299,Lenovo Умная колонка 4011E,электроника,48759.58,7597.91,157
300,Apple Смартфон 2544A,электроника,43142.13,15702.15,51
301,Levi's Куртка 280A,одежда,15354.79,5998.44,151
302,Lenovo Планшет 602D,электроника,30333.02,14939.58,152
303,Apple Планшет 7225C,электроника,28586.03,12080.03,121
304,Bosch Полотенце 8019B,дом,9817.62,3192.11,131
305,Samsung Смартфон 8744A,электроника,31896.38,11903.38,39
306,Luminarc Лампа 4272B,дом,21155.81,8490.65,64
307,IKEA Кружка 9615D,дом,34930.89,17365.17,95
308,Xiaomi Набор ножей 7997A,дом,15685.89,5362.44,138
309,Xiaomi Наушники 3219A,электроника,12709.41,5576.01,27
310,H&M Футболка 6467A,одежда,43830.42,8417.3,182
311,Mango Кроссовки 8535D,одежда,5351.91,1379.29,50
312,Adidas Куртка 4462B,одежда,7237.61,1495.31,200
313,Nike Кроссовки 8693A,одежда,9445.11,1114.61,1
314,Philips Набор ножей 3083D,дом,47654.63,9000.66,41
315,Adidas Футболка 4944B,одежда,43855.72,4554.04,168
316,Levi's Платье 4771A,одежда,33760.86,7387.46,72
317,Mango Куртка 8494E,одежда,10155.15,4302.87,190
318,Samsung Телевизор 369D,электроника,2077.92,695.36,5
319,Samsung Монитор 1138E,электроника,25536.47,7981.34,110
320,Tefal Сковорода 9165E,дом,16893.52,3542.86,93
321,Columbia Футболка 8206A,одежда,27667.59,8112.07,40
322,Reebok Джинсы 9119D,одежда,10735.64,2901.72,33
323,Mango Кроссовки 6888E,одежда,40385.15,7068.41,32
324,Philips Сковорода 4619E,дом,17676.99,4629.35,155
325,Zara Джинсы 9293E,одежда,24091.02,3265.74,199
326,H&M Толстовка 4037A,одежда,26728.47,12793.27,140
327,Apple Ноутбук 1890C,электроника,33486.55,13088.36,120
328,Tefal Сковорода 9445D,дом,25019.18,7734.51,39
329,Lenovo Телевизор 3787E,электроника,8281.92,4139.45,95
330,Columbia Куртка 174D,одежда,1768.39,484.58,42
331,Bosch Подушка 2365E,дом,20344.53,6382.87,92
332,HP Наушники 1742C,электроника,3525.44,1714.85,7
333,Xiaomi Наушники 2622A,электроника,37548.44,14249.53,24
334,Asus Игровая приставка 3320E,электроника,44214.74,14047.16,128
335,IKEA Штора 5889D,дом,42059.86,15056.94,102
336,Xiaomi Умная колонка 6790A,электроника,34151.09,5585.78,165
337,IKEA Зеркало 3904B,дом,49621.54,10088.74,184
338,Luminarc Чайник 171C,дом,20331.09,7634.88,196
339,Columbia Рубашка 8695D,одежда,14601.63,2989.84,188
340,Tefal Чайник 9360C,дом,42115.13,10884.26,122
341,Bosch Кружка 2196A,дом,33183.81,6194.88,134
342,Samsung Фитнес-браслет 828E,электроника,17869.9,5713.4,94
343,Asus Телевизор 2684D,электроника,9224.11,1152.61,123
344,Columbia Футболка 5469D,одежда,29872.53,4916.05,181
345,Vitek Кружка 3915C,дом,32521.45,12517.94,48
346,Tefal Зеркало 5500E,дом,25954.79,11476.61,76
347,New Balance Джинсы 8756E,одежда,3741.98,1584.32,150
348,Luminarc Подушка 4729C,дом,17149.08,8377.91,160
349,Philips Чайник 1983C,дом,32993.48,12954.91,12
350,Bosch Полотенце 1764E,дом,4862.89,965.11,188
351,Columbia Шорты 4320E,одежда,36079.65,12070.14,57
352,Vitek Штора 3247E,дом,45531.23,10807.9,39
353,Levi's Куртка 4985E,одежда,14191.54,6740.7,192
354,Lenovo Наушники 9706C,электроника,6707.0,1627.5,96
355,Reebok Толстовка 815C,одежда,26342.26,5378.1,4
356,Canon Монитор 8256B,электроника,20016.17,3510.7,169
357,Tefal Кружка 1158B,дом,9727.09,1233.86,55
358,Zara Футболка 2005B,одежда,9021.62,2331.24,153
359,Reebok Платье 2202E,одежда,17468.43,5767.31,81
360,Philips Кружка 8458C,дом,30012.76,12413.08,83
361,Bosch Лампа 7400C,дом,10195.53,1256.94,146
362,Tefal Зеркало 4660A,дом,19020.33,6101.25,164
363,Nike Футболка 4671C,одежда,42674.74,5744.9,164
364,IKEA Набор ножей 2574E,дом,36920.93,15652.18,171
365,New Balance Шорты 9222B,одежда,27827.74,9988.04,144
366,Adidas Толстовка 8289D,одежда,38797.55,5440.89,199
367,Vitek Кружка 628A,дом,25372.75,2836.76,24
368,Canon Ноутбук 3005A,электроника,27441.98,11295.13,114
369,Philips Подушка 8956B,дом,10991.39,4974.13,35
370,Canon Ноутбук 2697A,электроника,17860.4,6190.45,26
371,Asus Умная колонка 9848C,электроника,9744.87,1407.08,87
372,Bosch Тарелка 8502B,дом,16853.78,7702.42,145
373,Asus Ноутбук 2271B,электроника,25929.78,3337.76,104
374,Canon Ноутбук 8482D,электроника,31859.93,8190.03,56
375,HP Фитнес-браслет 8438E,электроника,4749.78,2252.22,188
376,LG Монитор 2546C,электроника,27868.85,3414.39,75
377,HP Игровая приставка 7531A,электроника,42472.12,20346.91,28
378,Philips Штора 1853A,дом,22301.06,10607.25,91
379,Columbia Джинсы 1884D,одежда,11118.89,1162.21,75
380,New Balance Кроссовки 1287D,одежда,11262.78,4286.62,29
381,Xiaomi Сковорода 1879B,дом,2013.89,383.78,174
382,LG Монитор 592C,электроника,23873.05,9023.44,188
383,IKEA Набор ножей 4034A,дом,28381.89,8400.94,165
384,Xiaomi Кружка 6694C,дом,32610.13,6335.03,111
385,Canon Телевизор 9726E,электроника,27673.82,11759.1,112
386,Apple Телевизор 8748D,электроника,24449.76,10582.01,81
387,Vitek Кружка 3071B,дом,8869.45,2489.83,193
388,Bosch Тарелка 557C,дом,2759.26,726.71,0
389,Reebok Кепка 1119C,одежда,21125.67,9700.28,66
390,Lenovo Монитор 958C,электроника,38770.91,10525.45,30
391,Asus Игровая приставка 1964A,электроника,33588.8,4683.09,141
392,Vitek Лампа 9162B,дом,13958.71,4271.83,101
393,HP Игровая приставка 1156B,электроника,19999.69,9029.13,163
394,Luminarc Лампа 1121E,дом,40619.93,10789.54,157
395,Samsung Монитор 6948D,электроника,44534.61,8668.2,60
396,Xiaomi Телевизор 7955E,электроника,35551.7,15760.66,186
397,Mango Куртка 2131E,одежда,9816.69,4780.55,143
398,Columbia Платье 4694E,одежда,11908.23,1306.72,188
399,Mango Пальто 5652D,одежда,48372.09,21992.75,113
400,Tefal Лампа 275B,дом,47964.39,10308.35,25
401,Reebok Джинсы 9842A,одежда,16960.84,7144.06,65
402,Tefal Тарелка 3447A,дом,27594.44,10364.59,53
403,Nike Куртка 3127E,одежда,43939.34,7268.0,30
404,Bosch Сковорода 7784A,дом,15360.42,3051.5,93
405,Canon Смартфон 1631D,электроника,44058.51,5445.42,88
406,Zara Толстовка 3366D,одежда,24531.49,10002.49,25
407,Xiaomi Зеркало 7737E,дом,35038.98,4452.22,1
408,New Balance Кроссовки 5029A,одежда,38768.89,18985.26,195
409,HP Игровая приставка 496A,электроника,24010.45,5074.15,152
410,LG Фитнес-браслет 7388E,электроника,30745.05,7762.23,100
411,Luminarc Чайник 7903E,дом,35786.66,16495.8,27
412,Puma Кепка 8653D,одежда,29497.94,14181.5,166
413,Lenovo Наушники 160A,электроника,16889.91,7888.46,147
414,Zara Кепка 7763E,одежда,9668.72,3663.17,175
415,Zara Джинсы 8038D,одежда,39330.99,6562.04,13
416,Xiaomi Телевизор 5061B,электроника,13694.07,2944.96,32
417,Columbia Шорты 6268A,одежда,6327.83,2226.01,123
418,Canon Ноутбук 2984E,электроника,713.64,85.16,47
419,Canon Камера 7167B,электроника,47854.39,17187.41,154
420,Zara Платье 3831B,одежда,10390.32,4175.68,149
421,Luminarc Штора 4532D,дом,3089.49,902.5,153
422,Bosch Кружка 401C,дом,38144.01,18077.51,183
423,Xiaomi Игровая приставка 7206C,электроника,40219.41,17495.46,158
424,Adidas Платье 873B,одежда,34962.79,14357.35,76
425,Huawei Планшет 737A,электроника,16122.05,6462.83,15
426,Xiaomi Фитнес-браслет 5952D,электроника,7863.4,3869.85,117
427,Xiaomi Сковорода 4897E,дом,7588.9,1325.85,197
428,Lenovo Фитнес-браслет 471C,электроника,2124.84,747.45,132
429,Reebok Куртка 7014D,одежда,42812.25,6606.32,76
430,Asus Смартфон 1780B,электроника,772.52,350.83,8
431,Philips Тарелка 2398C,дом,13109.84,5202.36,97
432,Canon Фитнес-браслет 5225C,электроника,47546.63,22834.54,182
433,Bosch Подушка 3186E,дом,6707.1,1291.57,191
434,Levi's Куртка 5294A,одежда,16170.88,6479.12,93
435,Samsung Камера 7348E,электроника,25064.71,6729.7,129
436,Reebok Толстовка 879D,одежда,14529.2,6795.07,200
437,Philips Чайник 6228C,дом,14300.19,4283.08,116
438,Puma Кроссовки 5654D,одежда,21390.84,7480.84,11
439,Huawei Телевизор 7361E,электроника,8686.84,1017.43,66
440,Reebok Куртка 224C,одежда,42873.59,20402.87,5
441,Tefal Чайник 8110E,дом,25868.1,9779.07,52
442,Sony Наушники 3893D,электроника,30249.91,8208.74,129
443,Luminarc Зеркало 947C,дом,48669.98,7376.53,132
444,Apple Монитор 2987A,электроника,35428.17,13844.24,165
445,Lenovo Камера 5161E,электроника,7403.53,1085.43,160
446,Zara Рубашка 5664D,одежда,678.3,276.7,53
447,Apple Планшет 2408E,электроника,26777.78,5594.4,160
448,New Balance Кроссовки 3041E,одежда,18678.43,6970.56,170
449,Nike Рубашка 8391A,одежда,14026.52,1422.8,191
450,New Balance Толстовка 2295C,одежда,26493.3,7351.65,133
451,Mango Шорты 1944D,одежда,21282.95,2521.53,112
452,HP Планшет 9701C,электроника,28874.49,13874.36,168
453,Luminarc Набор ножей 4282E,дом,31843.05,11133.19,176
454,Reebok Платье 4550D,одежда,37289.44,16552.32,55
455,Luminarc Зеркало 3637C,дом,46819.04,22549.9,172
456,Mango Пальто 7467A,одежда,35232.3,13830.25,129
457,Samsung Планшет 4337E,электроника,33945.76,8425.43,173
458,Nike Джинсы 271A,одежда,12976.38,3732.43,144
459,Xiaomi Монитор 5706A,электроника,35191.23,8112.4,52
460,Tefal Чайник 446C,дом,48670.0,8441.57,130
461,Zara Пальто 6001C,одежда,655.03,194.06,123
462,Columbia Рубашка 5952D,одежда,13896.82,2104.21,162
463,Sony Камера 3736A,электроника,43771.83,17276.43,33
464,IKEA Тарелка 2944C,дом,1900.81,457.13,185
465,Luminarc Набор ножей 7104D,дом,905.61,377.1,165
466,Huawei Телевизор 1923E,электроника,13094.05,5758.18,150
467,Luminarc Кружка 3412A,дом,7429.17,2463.37,94
468,Nike Пальто 5147D,одежда,363.25,67.39,23
469,HP Ноутбук 84A,электроника,6728.05,3362.9,153
470,Columbia Куртка 9942C,одежда,22860.89,7812.94,193
471,IKEA Подушка 4691C,дом,41805.23,10729.78,106
472,Canon Фитнес-браслет 9426B,электроника,16136.87,3962.91,185
473,Adidas Джинсы 8052C,одежда,10185.05,2561.24,150
474,Huawei Смартфон 1087C,электроника,24878.22,11161.87,128
475,New Balance Куртка 4977B,одежда,34766.76,6850.58,84
476,Xiaomi Кружка 5243C,дом,31284.79,8278.06,78
477,Sony Планшет 1814B,электроника,42503.89,18874.36,11
478,LG Фитнес-браслет 6666A,электроника,41575.55,15504.36,61
479,Asus Игровая приставка 2592C,электроника,32705.67,4325.91,21
480,IKEA Штора 1022A,дом,23471.83,10602.81,73
481,Mango Платье 5000E,одежда,32442.67,8618.85,23
482,LG Телевизор 8677E,электроника,12615.55,4409.75,41
483,Mango Куртка 4037D,одежда,30942.35,14984.48,104
484,HP Смартфон 7771C,электроника,33480.96,5857.24,119
485,Puma Футболка 5419D,одежда,35991.81,7001.92,104
486,Asus Игровая приставка 735A,электроника,31433.22,3322.87,98
487,New Balance Куртка 2201E,одежда,19089.83,7083.79,182
488,HP Планшет 1116A,электроника,16418.31,4600.47,90
489,HP Монитор 2590D,электроника,27635.12,10324.32,186
490,Adidas Шорты 9341E,одежда,33219.82,13383.48,5
491,Nike Футболка 82A,одежда,29706.91,4523.74,98
492,Samsung Наушники 6263A,электроника,29207.12,7560.0,189
493,Xiaomi Сковорода 6771E,дом,11287.78,2471.6,45
494,Bosch Штора 6736C,дом,33005.95,11956.37,18
495,Levi's Рубашка 8769D,одежда,16712.11,7246.57,51
496,Zara Рубашка 9755C,одежда,36622.64,16827.12,58
497,Puma Кепка 3951B,одежда,22585.76,4127.57,74
498,Asus Смартфон 5530B,электроника,42298.58,6268.42,74
499,Huawei Планшет 52C,электроника,36166.42,7584.1,142
500,IKEA Лампа 664D,дом,28684.05,6214.6,2
